1;2;3;4;5;6;7
Wir konzipieren;unsere wesentlichen;USPs, ;um den Mehrwert;der antizyklischen;Motivationsfaktoren;international aufzustellen.
Wir modifizieren;unsere anspruchsvollen;Vorstellungen von Total Quality, ;um den Paradigmenwechsel;der ausdifferenzierten;Kundenzufriedenheit;zu berücksichtigen.
Wir glauben an;unsere interdisziplinären;Leitsätze der Unternehmenskultur, ;um den logischen Shift;der datengestützten;Leistungspotenziale;zu sichern.
Wir konfigurieren;unsere ganzheitlichen;Wachstumschancen,;um die Nachhaltigkeit;der ergebnisoptimierten;Herausforderungen;zu übertreffen.
Wir nutzen;unsere differenzierten;Positionen,;um den positiven Wertschöpfungsansatz;der interaktiven;Alternativen;zu erweitern.
Wir konzentrieren;unsere hochperformanten;Innovationen,;um den Impact;der intransparenten;Parameter;zu globalisieren.
Wir evaluieren;unsere effizienten;Technologien, ;um das bisherige Standing;der neuartigen;Lösungsansätze;zu potenzieren.
Wir generieren;unsere State of the Art;Human Resources, ;um den Wissenstransfer;der projektiven;Zielsetzungen;zu realisieren.
Wir kommunizieren;unsere benchmark-fähigen;Potentiale,;um die Eigendynamik;der prozessorischen;Herausforderungen;zu erweitern.
Wir investieren;unsere integrativen;Analysen,;um die Rückmeldungen;der spezifischen;Motivationsfaktoren;zu sichern.
Wir instrumentalisieren;unsere aktuellen;Alleinstellungsmerkmale;um den Workflow;der strategischen;Zahlenmodelle;auszureizen.
Wir perfektionieren;unsere flexiblen;Wertschöpfungstrategien,;um die Best Practise;der transparenten;Angebote;einzubetten.
Wir outsourcen;unsere hierarchieübergreifenden;Konzeptionen,;um das nutzbare Moment;der verbindlichen;Tendenzen;international aufzustellen.
Wir implementieren;unsere proaktiven;Kernkompetenzen,;um die aktuellen Trends;der vielfach verflochtenen;Strukturen;zu steigern.
Wir optimieren;unsere zukunftsweisenden;Optionen,;um die kritische Masse;der wachstumsrelevanten;Win-Win-Situationen;auszureizen.
Wir diversifizieren;unsere internen;Synergiekomponenten,;um die Marktdurchdringung;der funktionalen;Datenflüsse;zu diversifizieren.
Wir adaptieren;unsere entscheidenden;Verbesserungspotentiale,;um einen Quantensprung;der höchst ehrgeizigen;Zu- und Abflüsse;zu fokussieren.
Wir diskutieren;unsere stragerischen;Synergien,;um die Datenbasis;der wachstumsorientierten;Services;zu verschlanken.
Wir profilieren;unsere vertikalen;Projekte,;um den Koeffizienten;der bidirektionalen;Chancen;zu präsentieren.
Wir realisieren;unsere lenkunksfähigen;Showcases,;um das Verhalten;der kundenspezifischen;Upgradings;anzudenken.
Wir setzen auf;unsere taktischen;Planungen,;um das Ertragsverhalten;der ergebnisoffenen;Marktbewegungen;zu intensivieren.
Wir stimulieren;unsere zweckdienlichen;Umsatzplanungen,;um den Input;der umsatzrelevanten;Basics;umzusetzen.
Wir upgraden;unsere überlegten;Distributionskanäle,;um die Kostenstrukturen;der übergreifenden;Wertschöpfungskette;zu globalisieren.
Wir verlassen uns auf;unsere kalkulierten;Lösungsansätze,;um das Kostenoptimierungspotential;der beratungsintensiven;Kundenzufriedenheit;auszuschöpfen.
Wir vernetzen;unsere durchgängigen;Vertreibsmassnahmen,;um unsere Vorstellungen;der best-of-breed;Impulse;abzuschöpfen.
Wir subsummmieren;unsere übergreifenden;Konkurrenzanalysen,;um die Customer Interaction;der signifikanten;Zielsetzungen;anzustoßen.
Wir kooptieren;unsere zukunftsfähigen;Ressourcen,;um die Kundenzufreidenheit;der umsatzsteigernden;Problemstellungen;einzubringen.
Wir artikulieren;unsere umfassenden;Investitionen,;um unseren Proof of Concept;der prognostizierten;Erfolgsfaktoren;zu steigern.
Wir verbessern;unsere entwicklungsfähigen;internen Strukturen,;um die Konvergenz;der in sich stimmigen;Differnzeirungsmerkmale;auszuwerten.
Wir steigern;unsere umsatzkritischen;Abgrenzungsfaktoren,;um die Sicherheitsmerkmale;der nutzungsrelaevanten;Alleinstellungsmerkmale;zu maximieren.
Wir entwicklen;unsere sicherheitsrelevanten;Sicherungsreserven,;um die Wachstumsraten;der durchgängigen;Wettbewerbsanalysen;zu bestätigen.
Wir konzentrieren uns auf;unsere umsatzstarken;Rückstellungen,;um die externen Einflüsse;der anpassungsfähigen;Reportings;zu maximieren.
Wir sichern;unsere signifikanten;Darstellungskriterien,;um den Evaluierungsprozess;der bedarfsgerechten;Kalkulationen;entgegenzustellen.
Wir stärken;unsere spezifischen;Analysemodelle,;um die Einführungsphase;der zentralen;Analysen;outzuperformen.
Wir adaptieren;unsere kalkulatorischen;Nachhaltigkeitsfaktoren,;um die internen Richtlinien,;der betriebsinternen;Darstellungen;zu professionalisieren.
Wir wirken ein auf;unsere homogenen;Umsatzfaktoren,;um die Wertschöpfungskette;der konzernweiten;Business Cases;abzusichern.
Wir verwirklichen;unsere marktgerechten;Vertriebsmodelle,;um das Optimierungspotential;der mehrdimensionalen;Branchenmodelle;zu differenzieren.
Wir verabschieden;unsere unumstößlichen;Angebotspalette,;um die Lösungsansätze;der relevanten;Vertreibskonzepte;zu internationalisieren.
Wir focussieren uns auf;unsere generationsübergreifenden;ROI´s,;um die Investitionen;der multinationalen;Markttrends;zu nivellieren.
Wir entscheiden uns für ;unsere produktspezifischen;Marktanalysen,;um die Multiplikationsfaktoren;der strukturellen;Umsatzgaranten;zu integrieren.
;;Leitkulturen,;um die Differenzierungsmerkmale;der allgemeinen;;zu potentieren.
;;IT-Modelle,;um die Bedarfsanalysen;der speziellen;;besser herauszustellen.
;;;um die Darstellungsweisen;der individuellen;;abzusichern.